Tweet,User,User_ID,Geo,HashTag,Date
Lakeville Hwy remains closed during investigation of a fatal crash. Please use alternate routes.pic.twitter.com/tDhdF6gWes,CHPSantaRosa,1902334747,,,Fri Nov 01 23:10:10 +0000 2019
Lakeville Hwy is closed between SR37 and SR116. Unknown estimated time of opening. Use alternate routes.,CHPSantaRosa,1902334747,,,Fri Nov 01 22:21:02 +0000 2019
We’re on scene of a fatal traffic collision on Lakeville Hwy near Cannon Ln. Expect heavy delays. Please avoid the area.pic.twitter.com/exveKftq3w,CHPSantaRosa,1902334747,,,Fri Nov 01 22:01:41 +0000 2019
"Halloween definitely has a different feel around here after the last week, but let’s make sure we make it extra safe. The post is lengthy, so please follow the Facebook link. https://www.facebook.com/393701014092479/posts/2359379764191251?sfns=mo …",CHPSantaRosa,1902334747,,,Thu Oct 31 23:47:18 +0000 2019
More progress! #kincadefirehttps://twitter.com/calfirelnu/status/1190010040549138432 …,CHPSantaRosa,1902334747,,#kincadefirehttps,Thu Oct 31 21:00:33 +0000 2019
"Mark West Springs Rd at Cross Creek is closed. There has been some confusion because Mark West at Old Red Hwy is a warning zone, but a mandatory evacuation is in place north of that location. Therefore CHP is controlling that location in the interest of safety and security.pic.twitter.com/GI0bufOQ98",CHPSantaRosa,1902334747,,,Thu Oct 31 17:57:07 +0000 2019
Major Progress Today! #kincadefireshttps://twitter.com/calfirelnu/status/1189722948279492609 …,CHPSantaRosa,1902334747,,#kincadefireshttps,Thu Oct 31 01:59:52 +0000 2019
CHP Officers remain on post for the following roadway closures: https://www.facebook.com/393701014092479/posts/2357333937729167?sfns=mo …,CHPSantaRosa,1902334747,,,Wed Oct 30 22:46:58 +0000 2019
"Refer to Cal Fire press release if your evacuation zone has been updated. Please drive safely, be patient, and remember many street lights will still be without power. Treat as a 4-way stop!https://twitter.com/calfirelnu/status/1189649901056970752 …",CHPSantaRosa,1902334747,,,Wed Oct 30 21:14:00 +0000 2019
Photo from yesterday afternoon on US-101 at Independence Ln. #fire #smokey #geyserville #chp #sonomacounty #kincadefirepic.twitter.com/vOXAWLJf41,CHPSantaRosa,1902334747,,#fire #smokey #geyserville #chp #sonomacounty #kincadefirepic,Wed Oct 30 18:52:59 +0000 2019
"If you’re able to return home, remember the air quality is still poor. Wear a mask and avoid outside activities. #kincadefireshttps://twitter.com/CALFIRELNU/status/1189288738687541249 …",CHPSantaRosa,1902334747,,#kincadefireshttps,Tue Oct 29 21:32:22 +0000 2019
US-101 on/off ramps at Dry Creek Rd are now open.https://twitter.com/sonomasheriff/status/1189289116254515200 …,CHPSantaRosa,1902334747,,,Tue Oct 29 21:20:08 +0000 2019
@RepThompson and @JimWoodAD2 with boots on the ground today to see the destruction of #KincadeFire. Amazing job by @CALFIRELNU and all personnel who have saved so many homes! #sonomastrong #sonomacounty #chp #firepic.twitter.com/71wIch2MUu,CHPSantaRosa,1902334747,,#KincadeFire #sonomastrong #sonomacounty #chp #firepic,Tue Oct 29 07:08:45 +0000 2019
Santa Rosa CHP Captain Wolfe updates the community on current traffic issues caused by the #KincadeFire at tonight’s press conference. @CHP_GoldenGate Officer Custodio Lopez provides the same information for Spanish speaking community members. @AristotleWolfe #SonomaStrongpic.twitter.com/LH9ZPNwIku,CHPSantaRosa,1902334747,,#KincadeFire #SonomaStrongpic,Tue Oct 29 02:31:40 +0000 2019
New evacuation warnings for Lake County.https://twitter.com/calfirelnu/status/1188984072653045761 …,CHPSantaRosa,1902334747,,,Tue Oct 29 01:10:15 +0000 2019
@CAL_FIREpic.twitter.com/pT7pfjyzV4,CHPSantaRosa,1902334747,,,Mon Oct 28 22:21:28 +0000 2019
WINDSOR AND HEALDSBURG ARE STILL EVACUATED! Do not attempt to drive around the cones! Do not line up at the off-ramp to talk to the officer! We can’t have a line of cars stopped on the freeway.,CHPSantaRosa,1902334747,,,Mon Oct 28 17:49:13 +0000 2019
The freeway is open in both directions but the off-ramps are still closed from Airport Blvd to Dry Creek as those areas are still under mandatory evacuation. #kincadefires,CHPSantaRosa,1902334747,,#kincadefires,Mon Oct 28 15:31:37 +0000 2019
US 101 is open in both directions. Please use caution for potential emergency personal and do not go around traffic cones. They are there for your protection. Stay safe. #SonomaStrong,CHPSantaRosa,1902334747,,#SonomaStrong,Mon Oct 28 14:53:09 +0000 2019
"Due to the uncertain conditions of fire behavior and heavy smoke in the Windsor area, US-101 remains closed from from Airport Blvd to Dry Creek Rd. #KincadeFirepic.twitter.com/G22TCL5gDM",CHPSantaRosa,1902334747,,#KincadeFirepic,Sun Oct 27 21:46:28 +0000 2019
US-101 is closed in the Windsor/Healdsburg area due to poor visibility and fire to the east of Arata Ln. The closure will begin in the northbound direction at Airport Blvd and on the southbound side at Dry Creek. Please avoid the area.,CHPSantaRosa,1902334747,,,Sun Oct 27 17:37:12 +0000 2019
US-101 is open in both directions! Thank you for your patience and drive safe. #KincadeFirepic.twitter.com/tcVv1r3ZzV,CHPSantaRosa,1902334747,,#KincadeFirepic,Sun Oct 27 14:11:21 +0000 2019
We will do everything possible to keep US-101 open but there is a plan in place for tonight into tomorrow morning if a closure becomes necessary.,CHPSantaRosa,1902334747,,,Sat Oct 26 17:42:13 +0000 2019
Healdsburg and Windsor are under mandatory evacuation for the #KincadeFire. We want everyone heading to a safe location by 4pm. This will give us all time to evacuate during daylight hours and before the #PSPS goes into effect. US-101 remains open at this time.,CHPSantaRosa,1902334747,,#KincadeFire #PSPS,Sat Oct 26 17:40:47 +0000 2019
New Evacuation Ordershttps://twitter.com/sonomasheriff/status/1187975543741992960 …,CHPSantaRosa,1902334747,,,Sat Oct 26 06:24:35 +0000 2019
"Update on Roadway Closure locations: Sr-128 @Alexander Valley Rd, Sr-128 @Pine Flat Rd, Geyserville Ave @Canyon Rd, Geyserville Ave @nb US-101 off-ramp (no traffic on Geyserville Ave between)pic.twitter.com/mucWEwPd0Y",CHPSantaRosa,1902334747,,,Thu Oct 24 23:56:07 +0000 2019
The Alexander Valley Rd @Lytton Station Rd closure has been moved to Sr-128 @Alexander Valley Rd.,CHPSantaRosa,1902334747,,,Thu Oct 24 22:29:37 +0000 2019
"Roadway closures remain in effect at Alexander Valley Rd @Lytton Station Rd, SR-128 @Pine Flat Rd, and SR-128 @Railroad Ave. At this time, US-101 remains open as there is no current threat near the freeway.pic.twitter.com/8r7ODP4xaF",CHPSantaRosa,1902334747,,,Thu Oct 24 20:17:46 +0000 2019
Roadway closures at this time: Sr128 @Railroad Ave. Sr-128 @Pine Flat Rd. Geysers Rd at Cloverdale Peak Rd. Healdsburg Ave @Alexander Valley Rd. Lytton Station @Lytton Springs. US-101 is not affected at this time.,CHPSantaRosa,1902334747,,,Thu Oct 24 16:49:40 +0000 2019
http://nixle.us/BDMDS,CHPSantaRosa,1902334747,,,Thu Oct 24 13:35:21 +0000 2019
Rest In Peace Deputy Ismael.https://wp.me/p4hDqw-Ic,CHPSantaRosa,1902334747,,,Thu Oct 24 04:41:00 +0000 2019
Trunk or Treat! Great turnout for this inaugural event. Happy to say more people showed up than we ever imagined. Happy to see all the smiling faces! #srtrunkortreat @santarosapolice @sonomasheriff #chp #halloween #sonomacountypic.twitter.com/ARq9GUFQj6,CHPSantaRosa,1902334747,,#srtrunkortreat #chp #halloween #sonomacountypic,Thu Oct 24 01:52:46 +0000 2019
Estimated time of roadway opening is 3pm.,CHPSantaRosa,1902334747,,,Wed Oct 23 20:25:08 +0000 2019
"Please remember if intersection lights are out or flashing red, treat them as a stop sign.https://twitter.com/CountyofSonoma/status/1187099777177214976 …",CHPSantaRosa,1902334747,,,Wed Oct 23 20:17:05 +0000 2019
Truck is clear. County Roads starting repair work. Roadway likely closed a few more hours. @SoCo_TPW @CountyofSonomapic.twitter.com/1Wg74hK7ZO,CHPSantaRosa,1902334747,,,Wed Oct 23 16:21:42 +0000 2019
Heavy duty tow operators on scene. Roadway still closed.pic.twitter.com/CGcYpnykrD,CHPSantaRosa,1902334747,,,Wed Oct 23 15:52:49 +0000 2019
The N. Laughlin Bridge is completely blocked. Please take an alternate route. Will advise as soon as we have an update.pic.twitter.com/pNiwXNoKgb,CHPSantaRosa,1902334747,,,Wed Oct 23 14:33:52 +0000 2019
Join us tomorrow night for Trunk or Treat!pic.twitter.com/OzcAScBDq6,CHPSantaRosa,1902334747,,,Tue Oct 22 15:13:34 +0000 2019
SLOW DOWN MOVE OVER NOR CAL! Today was National Move Over Day reminding us all to slow down and move over for first responders and roadside operators. You may have seen the procession of vehicles drive from Cloverdale to Petaluma and back.pic.twitter.com/ag3gQYnnZE,CHPSantaRosa,1902334747,,,Sun Oct 20 04:12:16 +0000 2019
@ShakeOut. Today we trained with @SafariWest on their emergency evacuation procedures. The staff did an amazing job during the fires two years ago and that’s because they’re so well trained and prepared. The giraffe watched over us all to make sure things were running smoothly.pic.twitter.com/b7PP11SE6s,CHPSantaRosa,1902334747,,,Fri Oct 18 02:36:59 +0000 2019
DOES THIS LOOK LIKE A PUBLIC GAS STATION? A DUI driver bypassed our ‘Restricted Area’ and ‘Do Not Enter’ signs at the front gate of our office and stopped at our fuel pumps. He was immediately contacted by officers and subsequently arrested. https://www.facebook.com/393701014092479/posts/2327724240690137?sfns=mo …,CHPSantaRosa,1902334747,,,Wed Oct 16 05:55:54 +0000 2019
"These guys will be busy the next few months! Let’s meet Officer Ray, Officer Burner, and Officer Boswell who just graduated the CHP academy and are ready to start field training. You can’t find a better place to work than Sonoma County. Good luck and be safe!pic.twitter.com/2RNNobk62B",CHPSantaRosa,1902334747,,,Tue Oct 15 04:37:36 +0000 2019
"Officer Wood, the same officer we honored yesterday for his continued work in removing impaired drivers from the road, went right back to work today as he arrested a mother for DUI in the parking lot of her child’s school. https://www.facebook.com/393701014092479/posts/2319971891465372?sfns=mo …",CHPSantaRosa,1902334747,,,Sat Oct 12 05:27:43 +0000 2019
Santa Rosa CHP Officer Brian Wood was honored today at the Chief Special Agent’s Assn (CSAA) LE Appreciation Awards for his continued work in removing impaired drivers from the road. He is a drug recognition expert (DRE) and serves as an instructor for new DRE’s. Great job Brian!pic.twitter.com/bhc2G0IfXp,CHPSantaRosa,1902334747,,,Fri Oct 11 04:05:08 +0000 2019
Chipper was pretty popular with the kiddos at the Little School House today. The questions were pretty funny. “Are you an animal?”..... “Can you talk?”.....” Did he drive here?” pic.twitter.com/0qhL4gqKkM,CHPSantaRosa,1902334747,,,Fri Oct 11 00:50:23 +0000 2019
Petaluma Hill Rd and Crane Canyon intersection lights are out. Stop signs are posted as a reminder to stop. Petaluma Hill Rd and Rohnert Park Expressway has flashing red lights.,CHPSantaRosa,1902334747,,,Wed Oct 09 22:14:26 +0000 2019
http://roadconditions.sonoma-county.org/,CHPSantaRosa,1902334747,,,Wed Oct 09 20:32:59 +0000 2019
The following intersection lights are out: Sr-12 @Farmers Sr-12 @Alamos Sr-12 @Melita Sr-12 @Oakmont Sr-12 @Pythian Sr-12 @Warm Springs.,CHPSantaRosa,1902334747,,,Wed Oct 09 20:27:45 +0000 2019
"The intersection of Mark West Springs Rd and Ursuline Rd has flashing red signal lights. At intersections like this, come to a complete stop and proceed when clear as if there are 4 stop signs.",CHPSantaRosa,1902334747,,,Wed Oct 09 18:52:15 +0000 2019
We’re continuing to monitor the Public Safety Power Shutoff and all officers are actively sweeping their beat for intersection and roadway changes.,CHPSantaRosa,1902334747,,,Wed Oct 09 18:43:34 +0000 2019
"START SMART CLASS IS CANCELED TONIGHT DUE TO THE PUBLIC SAFETY POWER SHUTOFF! Class is rescheduled for next Wednesday (10/16). Same time 7pm, same location at the CHP office. We apologize for the inconvenience.",CHPSantaRosa,1902334747,,,Wed Oct 09 17:47:25 +0000 2019
Sonoma County Power Shutoffhttps://sonomacounty.maps.arcgis.com/apps/webappviewer/index.html?id=2cb4401e1fc0494dbf9d9e22aa794617 …,CHPSantaRosa,1902334747,,,Tue Oct 08 22:31:54 +0000 2019
"PG&E Will Proactively Turn Off Power for Safety to Nearly 800,000 Customers Across Northern and Central Californiahttps://twitter.com/SoCo_TPW/status/1181606940440317952 …",CHPSantaRosa,1902334747,,,Tue Oct 08 22:17:18 +0000 2019
Levi’s Gran Fondo is just about to start. Remember this event is happening today and please factor the routes into your Saturday plans if you’re traveling in west county. @levisgranfondopic.twitter.com/O9Hb2SYvy7,CHPSantaRosa,1902334747,,,Sat Oct 05 14:54:16 +0000 2019
"Motorcycle officers from Santa Rosa CHP, @CHPMarin and @SantaRosaPolice helped the 4th grade class of Gravenstein Elementary with their 12th annual bike ride from Sebastopol to Juliard Park and back. Approximately 80 students and 30 teacher/chaperones rode alongside. @BikeSonomapic.twitter.com/pEAl4Ht7uW",CHPSantaRosa,1902334747,,,Sat Oct 05 04:23:27 +0000 2019
"Every other month, Officer Keeton, our School Bus Officer meets with the Driver Trainer Area Council to discuss changes in law, concerns of drivers and how best to keep kids safe while riding the school bus. “These… https://www.instagram.com/p/B3LtoxXlrrg/?igshid=zdqmqoom88nh …",CHPSantaRosa,1902334747,,,Fri Oct 04 04:33:24 +0000 2019
Thank you @SantaRosaBACC and @HoneyBadger_ch for hosting Santa Rosa chp and the community for coffee with a cop today. We enjoyed meeting new friends and can’t wait for next time. @CoffeewithaCoppic.twitter.com/hNLojHPtQf,CHPSantaRosa,1902334747,,,Thu Oct 03 04:23:15 +0000 2019
Let’s walk and roll! It’s international walk to school day so please be extra careful this morning as kids will be walking in groups to their school!pic.twitter.com/2GZpYjB1yy,CHPSantaRosa,1902334747,,,Wed Oct 02 14:42:20 +0000 2019
Great times at the Wings over Wine Country Air Show this weekend. It’s a very special event and we appreciated all the visitors who stopped by our booth! @wingsoverwinecountry @KZST @sonomacounty #chp #airshowpic.twitter.com/VOapziviO0,CHPSantaRosa,1902334747,,#chp #airshowpic,Tue Oct 01 05:42:15 +0000 2019
It’s a windy day but we’re still having fun at the Kiwanis Annual Safety Fair in Healdsburg. Who needs sand bags when you have Senior Volunteer Jean holding things downpic.twitter.com/YUEnOHvr88,CHPSantaRosa,1902334747,,,Sat Sep 28 22:20:48 +0000 2019
Hope to see you this weekend at the Wings over Wine Country Airshow! #airshow #wingsoverwinecountry #sonomacountypic.twitter.com/8SXp8Hr8aq,CHPSantaRosa,1902334747,,#airshow #wingsoverwinecountry #sonomacountypic,Sat Sep 28 06:12:45 +0000 2019
"We hope you join us Wednesday at @HoneyBadger_ch from 8-10am, and @SantaRosaBACC (Larkfield) from 9-11am.pic.twitter.com/YvCLied68n",CHPSantaRosa,1902334747,,,Fri Sep 27 05:24:28 +0000 2019
Today we worked a school bus red light enforcement detail and made this informative video as a safety reminder when operating a vehicle near a bus with children on board. #westcountytransportationagencypic.twitter.com/DBtxxKBCiX,CHPSantaRosa,1902334747,,#westcountytransportationagencypic,Thu Sep 26 03:40:47 +0000 2019
Good news in the latest update on the power shutoff.https://twitter.com/CityofSantaRosa/status/1176706098809753600 …,CHPSantaRosa,1902334747,,,Wed Sep 25 04:03:29 +0000 2019
The Waves to Wine bike ride is underway. Be aware of the 2 routes as you plan your Sunday. Please be courteous of the riders who are raising money for a great cause. Bike MS is the fundraising cycling series of the National MS Society. #dontjustride #bikeMSpic.twitter.com/iYw7bSwdrn,CHPSantaRosa,1902334747,,#dontjustride #bikeMSpic,Sun Sep 22 17:07:43 +0000 2019
The CHP will be monitoring it’s progress to ensure minimal impact to other motorists. Please be advised.,CHPSantaRosa,1902334747,,,Sat Sep 21 15:52:37 +0000 2019
"The Sonoma County Chapter of the Missing In America Project (MIAP), will be recovering the unclaimed cremains of 38 US military veterans and 2 dependents. This morning at approximately 9am the funeral procession will be going through Sonoma County and heading towards Marin Co....pic.twitter.com/q253kujeKP",CHPSantaRosa,1902334747,,,Sat Sep 21 15:52:10 +0000 2019
"“Not bad for a 25 year vet, plus two crashes and a warrant.” Motor Officer Bernard working hard to keep Sonoma County safe! #chp #sonomacounty #motor @Sonoma County, CA https://www.instagram.com/p/B2qOVjWlwZe/?igshid=1lpskz506pxw5 …",CHPSantaRosa,1902334747,,#chp #sonomacounty #motor,Sat Sep 21 04:25:02 +0000 2019
"We have a few open car seat appointments for Thursday September 26. We can install a new seat or check one that’s already been installed. To schedule this free service, call the office at (707)588-1400. #safekids #chppic.twitter.com/Yk1XULVltH",CHPSantaRosa,1902334747,,#safekids #chppic,Fri Sep 20 22:39:38 +0000 2019
Thank you Casa Grande High School freshman for welcoming us into your classroom the last 2 days. Soon you’ll be thinking about taking on the huge responsibility of driving. We want you to be safe on the road and hopefully you remember a few things we talked about. #itcanwait #CHPpic.twitter.com/usqM88Y8xz,CHPSantaRosa,1902334747,,#itcanwait #CHPpic,Fri Sep 20 04:48:48 +0000 2019
PURSUIT ENDS IN STANDOFF *Press release for the pursuit this morning from Geyserville to Santa Rosa. https://www.facebook.com/393701014092479/posts/2269860419809853?sfns=mo …,CHPSantaRosa,1902334747,,,Sun Sep 15 20:39:36 +0000 2019
1 suspect in custody. Traffic open in both directions!,CHPSantaRosa,1902334747,,,Sun Sep 15 16:36:58 +0000 2019
Nb 101 is open. Clearing Sb now. Will be open shortly.,CHPSantaRosa,1902334747,,,Sun Sep 15 16:25:23 +0000 2019
Occupants of the pursued vehicle are refusing to exit the vehicle and a standoff continues.pic.twitter.com/us0FPSkhLm,CHPSantaRosa,1902334747,,,Sun Sep 15 14:38:37 +0000 2019
US-101 is shut down in both directions between River Rd and Airport Blvd following a pursuit.,CHPSantaRosa,1902334747,,,Sun Sep 15 14:11:37 +0000 2019
"And the winner is... @daryl_shook who correctly identified the old Geysers Road bridge, which was built in 1909 but moved to its Geysers Rd. location in 1937. Nice work, Daryl. And thank you Sonoma County for making the Tour de Fuzz a safe event for a great cause. https://twitter.com/CHPSantaRosa/status/1172997615035637761 …pic.twitter.com/MlrMlqxAV6",CHPSantaRosa,1902334747,,,Sun Sep 15 03:16:22 +0000 2019
Hey budding Sonoma County geography buffs. Can you name this location? Hint: it’s on the 100 mile route on today’s Tour de Fuzz charity cycle event.pic.twitter.com/1iqAzlrREP,CHPSantaRosa,1902334747,,,Sat Sep 14 22:16:39 +0000 2019
Sharing the road with the Tour de Fuzz. #SafetyFirstpic.twitter.com/tnw7cL1Vzm,CHPSantaRosa,1902334747,,#SafetyFirstpic,Sat Sep 14 16:01:47 +0000 2019
"The Tour de Fuzz charity bike ride for SoCo Law Enforcement Chaplains is starting. CHP and volunteer Motorycle Marshalls are helping keep it safe. Help them by slowing for cyclists, minding the three-feet law, and keeping a cool head. Brief delays on No. SoCo roads.pic.twitter.com/aUp13Hj6GR",CHPSantaRosa,1902334747,,,Sat Sep 14 14:49:20 +0000 2019
https://www.tourdefuzz.org/,CHPSantaRosa,1902334747,,,Fri Sep 13 23:22:28 +0000 2019
https://www.clocowhalf.com/,CHPSantaRosa,1902334747,,,Fri Sep 13 23:22:09 +0000 2019
"3 special events this weekend! Tomorrow is the Tour de Fuzz bike ride, and we also have a child passenger safety seat event in Petaluma. Sunday is the Clo Cow Half Marathon which starts and ends in the heart of Historic Downtown Petaluma. https://www.facebook.com/393701014092479/posts/2265192006943361?sfns=mo …",CHPSantaRosa,1902334747,,,Fri Sep 13 23:07:31 +0000 2019
Have you ever thought about being a dispatcher? Click the link to attend a free seminar on September 16 from 11:30am to 1pm at @CHP_GoldenGatehttps://www.eventbrite.com/e/chp-dispatcher-recruitment-seminar-tickets-72564100177 …,CHPSantaRosa,1902334747,,,Thu Sep 12 22:39:30 +0000 2019
"A bike rodeo is where we talk to a group of kids and demonstrate bicycle helmet fitting, bike equipment checks, rules of the road, hand signals, safe riding tips & a safety course. Yesterday we had a rodeo for the kids that live on base at the @uscg training center in Petaluma.pic.twitter.com/x77jNb7zEL",CHPSantaRosa,1902334747,,,Thu Sep 12 18:13:25 +0000 2019
#NeverForgottenpic.twitter.com/Xcq78P70CJ,CHPSantaRosa,1902334747,,#NeverForgottenpic,Wed Sep 11 17:18:22 +0000 2019
Please join us as we team up with @petaluma_police for a car seat event this Saturday at 10am. Bring a new seat for us to help install or we can check the accuracy of a seat that’s already been installed.pic.twitter.com/tRpSTcMsT6,CHPSantaRosa,1902334747,,,Mon Sep 09 23:27:37 +0000 2019
Our coast officers have a great relationship with the local community and it showed yesterday at the open house! Thank you everyone who came to visit. https://twitter.com/AristotleWolfe/status/1170026025641603072 …pic.twitter.com/FelWwScCeS,CHPSantaRosa,1902334747,,,Fri Sep 06 18:00:09 +0000 2019
Thank you Professor Hooper and your Criminal Justice Studies class for letting us come to Sonoma State for a visit. We love talking about the CHP and potential careers in law enforcement! @CHPCareers @SSU_1961 @SonomaStatePD @AristotleWolfepic.twitter.com/CKU1eaceT3,CHPSantaRosa,1902334747,,,Thu Sep 05 04:57:45 +0000 2019
"Officer Rios will be at the office tomorrow installing and checking car seats. He has quite a few openings so please call the office to schedule at (707)588-1400, or stop by tomorrow.pic.twitter.com/XFph2EGNF2",CHPSantaRosa,1902334747,,,Thu Sep 05 00:14:13 +0000 2019
Congratulations Chief Navarro and your new command staff! We were honored to be there today. Santa Rosa is in good hands!https://twitter.com/SantaRosaPolice/status/1169056899116855296 …,CHPSantaRosa,1902334747,,,Wed Sep 04 04:04:53 +0000 2019
"Early this morning, these two trouble makers were found playing where they shouldn’t have been... on the freeway. The good samaritan that reported the dogs running on the freeway just so happened to have doughnuts to… https://www.instagram.com/p/B17tQBnlt1E/?igshid=wn6znhauq38h …",CHPSantaRosa,1902334747,,,Tue Sep 03 02:50:49 +0000 2019
"Not one, not two, but three reasons for a stop! #chp #california #californiahighwaypatrol #speedkills #drivetoarrive #slowdown #sonomacounty #copspic.twitter.com/3HxrQkay11",CHPSantaRosa,1902334747,,#chp #california #californiahighwaypatrol #speedkills #drivetoarrive #slowdown #sonomacounty #copspic,Mon Sep 02 04:02:53 +0000 2019
We are in the midst of the Labor Day Max Enforcement Period which lasts until Monday night. https://www.facebook.com/393701014092479/posts/2239961516133077?sfns=mo …pic.twitter.com/244Om80CmY,CHPSantaRosa,1902334747,,,Sun Sep 01 17:44:13 +0000 2019
Slow Down & Move Over when approaching stationary authorized vehicles with flashing lights activated. https://www.instagram.com/p/B121yFmFADD/?igshid=1s8ilp4zk9z7n …pic.twitter.com/VNFJK44hjy,CHPSantaRosa,1902334747,,,Sun Sep 01 05:37:53 +0000 2019
Information regarding last night’s fatal collision in the Sebastopol area. https://www.facebook.com/393701014092479/posts/2238150359647526/ …,CHPSantaRosa,1902334747,,,Sat Aug 31 20:15:27 +0000 2019
It’s been a busy evening for our special enforcement team focusing on street racing and side show activities. So far we’ve had three arrests including a DUI arrest after a 100+ mph speed stop.pic.twitter.com/Qmrmpvqcdz,CHPSantaRosa,1902334747,,,Sat Aug 31 05:08:00 +0000 2019
Beautiful day for the Santa Rosa CHP 90th anniversary party. Thank you all who joined us in the celebration. Check the attached link as we add photos from the day. https://photos.app.goo.gl/ZQFUKy52gj8BH7qb9 …pic.twitter.com/lmls9fPtER,CHPSantaRosa,1902334747,,,Wed Aug 28 22:34:08 +0000 2019
Thanks for representing Senator McGuire. We’re honored to share the service of this community with you and your staff! @ilike_mike.https://twitter.com/ilike_mike/status/1166814522293641216 …,CHPSantaRosa,1902334747,,,Wed Aug 28 21:54:36 +0000 2019
Fatal crash this afternoon on Stony Point Rd near Railroad Ave. https://www.facebook.com/393701014092479/posts/2231551563640739?sfns=mo …,CHPSantaRosa,1902334747,,,Wed Aug 28 07:13:16 +0000 2019
Sig Alert issued for a fatal traffic collision on Stony Point Rd near W Railroad Ave. Please avoid the area as we investigate this collision.pic.twitter.com/HY64zrq2z5,CHPSantaRosa,1902334747,,,Tue Aug 27 23:56:51 +0000 2019
More info on yesterday’s pursuit! https://www.instagram.com/p/B1jvmC8FTNv/?igshid=cdaeuju16fod …pic.twitter.com/aGDcU4olwt,CHPSantaRosa,1902334747,,,Sat Aug 24 19:31:10 +0000 2019
"3 Special Events to be aware of in Sonoma County today. The Tour De Fox Wine Country bike ride, the JDRF Ride to Cure, and the Bodega Seafood, Art & Wine Festival. Please observe all temporary traffic signs to help keep these events safe. #tourdefox #jdrf",CHPSantaRosa,1902334747,,#tourdefox #jdrf,Sat Aug 24 14:56:39 +0000 2019
"PURSUIT. Around 1:30pm we were involved in a pursuit of a white truck with a missing tire on nb 101. After a successful spike strip deployment near Asti Rd, subject took foot bail but was taken into custody. Arrested for stolen vehicle, evading, DUI. Press release to follow.",CHPSantaRosa,1902334747,,,Fri Aug 23 23:11:26 +0000 2019
"It was a busy scene in Windsor this evening. Fire personnel were spread thin battling several fires along the freeway, and we were handling a big rig crash that occurred in the backup. Officer Herman assisted with… https://www.instagram.com/p/B1dJCaul9Jn/?igshid=1bo8vlpuh92ju …",CHPSantaRosa,1902334747,,,Thu Aug 22 05:57:08 +0000 2019
All lanes open! Drive safe,CHPSantaRosa,1902334747,,,Thu Aug 22 02:42:46 +0000 2019
#1 lane blocked Sb 101 south of Central Windsor. The fires on the shoulder are out.pic.twitter.com/h0O1ZT5PBd,CHPSantaRosa,1902334747,,#1,Thu Aug 22 02:31:45 +0000 2019
The fire and smoke looks nearly under control but now there is a collision Sb 101 south of Central Windsor which is blocking lanes. Tow trucks on scene to clear. Nb lanes are wide open.,CHPSantaRosa,1902334747,,,Thu Aug 22 01:47:43 +0000 2019
On the Southbound side,CHPSantaRosa,1902334747,,,Thu Aug 22 01:13:19 +0000 2019
#3 (right lane) closed!,CHPSantaRosa,1902334747,,#3,Thu Aug 22 01:11:36 +0000 2019
"Traffic advisory: Fire Dept on scene in Windsor. US-101 lanes are open at this time, but traffic is slow & backed up. Limited visibility.pic.twitter.com/AJQnm83FA3",CHPSantaRosa,1902334747,,,Thu Aug 22 00:57:49 +0000 2019
Roadway open. Fire personnel remain on scene but Scenic Ave has been opened. Drive safe.,CHPSantaRosa,1902334747,,,Tue Aug 20 02:54:58 +0000 2019
Avoid the area! Scenic Ave is closed between S. Moorland and Langer Ave while crews battle a structure fire.pic.twitter.com/2i2PCV1h5Q,CHPSantaRosa,1902334747,,,Tue Aug 20 00:59:51 +0000 2019
FATAL HIT & RUN CRASH- Aug 15 we investigated a crash on Westside Rd near W Dry Creek Rd. Vehicle that collided with the bicyclist fled the scene. We are saddened to report the bicyclist passed away this morning from injuries sustained in the crash. https://www.facebook.com/393701014092479/posts/2215839338545295?s=100030093040873&sfns=mo …,CHPSantaRosa,1902334747,,,Mon Aug 19 05:31:43 +0000 2019
Passenger Killed After Running From Crash Scene Press release for fatal crash last night on US-101 northbound near Bicentennial Way. https://www.facebook.com/393701014092479/posts/2207007432761819?s=100030093040873&sfns=mo …,CHPSantaRosa,1902334747,,,Tue Aug 13 22:45:26 +0000 2019
"Saturday was the 4th Annual Mochilada. It was a great community event where kids got brand new backpacks full of school supplies, and some got brand new bikes and helmets! Next year we’ll be more careful to watch where the kids put their CHP stickers. Sorry @SantaRosaPolice pic.twitter.com/ECnEExym10",CHPSantaRosa,1902334747,,,Mon Aug 12 05:01:18 +0000 2019
Every Thursday we have an officer assigned to installing car seats at the office. Esther called ahead and we were prepared with 4 child passenger safety technicians ready for 5 car seat installs. If you need a car… https://www.instagram.com/p/B07pRfQlZsE/?igshid=dxkntnzz4qll …,CHPSantaRosa,1902334747,,,Fri Aug 09 05:44:40 +0000 2019
"The helmet guys were pretty popular tonight at the Petaluma National Night Out. For all the kids who got a helmet tonight, thank you for visiting us and make sure to wear your helmet on your bicycle, scooter, skates and skateboards.pic.twitter.com/EL8WekzSOC",CHPSantaRosa,1902334747,,,Wed Aug 07 05:31:19 +0000 2019
"Come out and join us for #NationalNightOut2019 We’ll be at several locations in Sonoma County including the Petaluma Community Center, Geyserville Fire Department, R-Trees Nursery in Santa Rosa, St. Hubert’s Hall In Guerneville, and Bruno Farnocchia Memorial Park in Rio Nido.pic.twitter.com/d439AyvpTs",CHPSantaRosa,1902334747,,#NationalNightOut2019,Tue Aug 06 20:23:40 +0000 2019
"Officer Eddie Blanco worked his final shift today. Congratulations Eddie, you will be missed! https://www.facebook.com/393701014092479/posts/2185615571567672?s=100030093040873&sfns=mo …",CHPSantaRosa,1902334747,,,Thu Aug 01 04:46:13 +0000 2019
The Windsor Lions Club handed out dozens of free helmets at the Windsor Town Green this morning and we were happy to help with the fittings! @BikeSonoma @WindsorLionspic.twitter.com/sVqyeRaCcK,CHPSantaRosa,1902334747,,,Mon Jul 29 04:41:37 +0000 2019
Ironman has begun. Please be advised of the course as you plan your Saturday! Drive safe.pic.twitter.com/yIXaWkn5II,CHPSantaRosa,1902334747,,,Sat Jul 27 13:40:45 +0000 2019
Law Enforcement Appreciation Night at #OraclePark Go Giants! @SFGiantspic.twitter.com/m5zTiE1JQb,CHPSantaRosa,1902334747,,#OraclePark,Fri Jul 19 01:54:13 +0000 2019
Officer Crone and Officer Bronson responded to US-101 near Todd Rd where this white German Shepherd was called in for running on the freeway. They were able to make the capture & took him to a pet care hospital where his owners located him later in the afternoon. Great job guys!pic.twitter.com/54J8MreGsN,CHPSantaRosa,1902334747,,,Tue Jul 16 06:13:31 +0000 2019
"Chipper made sure the vehicles were ready to go yesterday for the Cotati Kids Day Parade. We had a blast and can’t wait for next year! #cotati #cotatikidsdayparade #sonomacounty #parade #fun #chp @Cotati, California https://www.instagram.com/p/Bz7NbFqFf5_/?igshid=y0pxz87smypl …",CHPSantaRosa,1902334747,,#cotati #cotatikidsdayparade #sonomacounty #parade #fun #chp,Mon Jul 15 05:09:54 +0000 2019
"Paper plates like this give an easy reason for a traffic stop. As of 1/1/19, CA dealers are required to display temporary paper license plates. More than 7 months later, there shouldn’t be any more of these on the road.pic.twitter.com/vaM4djpEYg",CHPSantaRosa,1902334747,,,Sun Jul 14 05:38:35 +0000 2019
All lanes open. Drive safe!,CHPSantaRosa,1902334747,,,Sat Jul 13 20:18:10 +0000 2019
Be advised of a traffic collision Nb 101 just north of Mendocino. #1 lane blocked.pic.twitter.com/SoQkG5HP26,CHPSantaRosa,1902334747,,#1,Sat Jul 13 19:22:03 +0000 2019
"Avoid the area of Stony Point Road and Jewett. We are investigating a collision in the area, and traffic is backing up.",CHPSantaRosa,1902334747,,,Mon Jul 08 19:41:08 +0000 2019
"Independence Day is behind us, traffic is light, but we are still in a maximum enforcement period. Officer Faraco just stopped this car for driving 95mph on US-101 in Rohnert Park.pic.twitter.com/prUyfOiw8N",CHPSantaRosa,1902334747,,,Sat Jul 06 21:56:23 +0000 2019
We were honored to run with the Cornish Family today as part of their #2019fallenofficertribute. https://www.facebook.com/393701014092479/posts/2141831912612705/ …pic.twitter.com/y4PGHLMshG,CHPSantaRosa,1902334747,,#2019fallenofficertribute,Fri Jul 05 21:49:48 +0000 2019
"S/B 101 north of Golf Course in Rohnert Park. A tree fell on a tow truck while clearing a crash scene. Things just got worse! (Thankfully no injuries, but lanes are blocked)pic.twitter.com/KhBS6pxhZd",CHPSantaRosa,1902334747,,,Fri Jul 05 01:07:38 +0000 2019
"Traffic advisory for later tonight: At 9pm, the eastbound and westbound Hwy 12 exits will be closed to the fairgrounds until approximately 11pm to accommodate traffic for the fireworks show!",CHPSantaRosa,1902334747,,,Fri Jul 05 00:29:17 +0000 2019
"Thanks for your service, Gilbert. After your done flying around in your @USArmy ride, we’re making sure to keep our Patrol cruisers ready and waiting for your safe return. Take care. #4thJuly #IndependenceDay2019 https://twitter.com/AristotleWolfe/status/1146851665053544449 …pic.twitter.com/G0dv7nAr3J",CHPSantaRosa,1902334747,,#4thJuly #IndependenceDay2019,Thu Jul 04 21:19:29 +0000 2019
"We get it. Some of our own are over there, too. Thanks for your work, @the_USO!pic.twitter.com/BIZRA2MTT0",CHPSantaRosa,1902334747,,,Thu Jul 04 21:13:35 +0000 2019
"To keep our roadways safe this Independence Day Holiday, we are rolling out extra patrols for the CHP’s Maximum Enforcement Period. Lookout for increased patrols starting Wednesday, July 3. Please wear your seatbelt, watch your speed, & don’t don’t drink & drive.pic.twitter.com/jRWKKCjmOz",CHPSantaRosa,1902334747,,,Tue Jul 02 19:00:07 +0000 2019
"Your local CHP continues to vigorously enforce traffic and emissions laws to combat street racing and “sideshow” activity. Our last detail with @SantaRosaPolice netted 32 citations, a 30-day impound and a DUI arrest. Street racing is dangerous and illegal. We won’t tolerate it.pic.twitter.com/JzSzVBVOKY",CHPSantaRosa,1902334747,,,Tue Jul 02 13:58:40 +0000 2019
We are out and about with extra street racing and side show enforcement tonight! Drive safe Sonoma County!pic.twitter.com/NAP0hifdVy,CHPSantaRosa,1902334747,,,Sat Jun 29 04:15:11 +0000 2019
River Rd is now open in both directions.,CHPSantaRosa,1902334747,,,Wed Jun 26 23:50:56 +0000 2019
Correction: River rd east of Olivet rd. Roadway remains closed for a fatal traffic collision.,CHPSantaRosa,1902334747,,,Wed Jun 26 22:16:59 +0000 2019
River Rd is closed west of Olivet Rd for a major traffic collision. Please avoid the area if possible,CHPSantaRosa,1902334747,,,Wed Jun 26 21:00:53 +0000 2019
"Santa Rosa CHP welcomed new members to the family this week. Officer Blanchard, Officer Costa, and and Officer Perez just graduated the CHP academy and are ready to start the field training process. Welcome to Sonoma County! @CHPCareerspic.twitter.com/aKv0NOGOa0",CHPSantaRosa,1902334747,,,Wed Jun 26 06:23:37 +0000 2019
Lanes are open on Lakeville Hwy. There may still be some delays as we are still on scene getting vehicles towed away.,CHPSantaRosa,1902334747,,,Tue Jun 25 20:36:34 +0000 2019
Lakeville Hwy near SR37 is blocked in both directions while we investigate a traffic collision. Will advise when we have an update.,CHPSantaRosa,1902334747,,,Tue Jun 25 20:26:54 +0000 2019
Fun day at the 5th Annual Sonoma County Health and Safety Fair. Thank you everyone that came out. It was a busy day for sure. We checked and installed car seats. We gave away many free car seats for families in need.… https://www.instagram.com/p/BzCrGFXFvlP/?igshid=fr3gk0a9dcg …,CHPSantaRosa,1902334747,,,Sun Jun 23 06:12:28 +0000 2019
"Thanks for the invite to the Moorland Block Party at Andy’s Unity Park. In addition to meaningful dialogue on emergency preparedness, we all had good chats over good food. This community’s commitment to their neighbors and their park is nothing less than inspiring!pic.twitter.com/1QY0ZoyqeP",CHPSantaRosa,1902334747,,,Sat Jun 22 22:10:30 +0000 2019
The graveyard crew knew exactly how to start their shift tonight for National Selfie Day! #NationalSeflieDay #CHP #DontDrinkAndDrive #SonomaCountypic.twitter.com/5tmV5RN56l,CHPSantaRosa,1902334747,,#NationalSeflieDay #CHP #DontDrinkAndDrive #SonomaCountypic,Sat Jun 22 06:40:53 +0000 2019
RIP Officer O’Sullivanhttps://twitter.com/SacPolice/status/1141631154811854848 …,CHPSantaRosa,1902334747,,,Thu Jun 20 21:00:17 +0000 2019
"Today was the 22nd North Bay Burn Relay. The Alisa Ann Ruch Burn Foundation works to reduce the number of burn injuries through prevention education, and to enhance the quality of life of those affected by burn injuries in CA. Thank you for letting us be part of such a cool day!pic.twitter.com/0xHGbLiG48",CHPSantaRosa,1902334747,,,Tue Jun 18 06:18:55 +0000 2019
"#june22 #familyfun #chp #sonomacounty #sonomastrong @Grace Pavilion, Sonoma County Event Center at the Fairgrounds https://www.instagram.com/p/By1DYz7Frrt/?igshid=j1t50p3bej47 …",CHPSantaRosa,1902334747,,#june22 #familyfun #chp #sonomacounty #sonomastrong,Mon Jun 17 23:15:21 +0000 2019
Our officers and explorers who ran were sweating plenty! #SpecialOlympics @CotatiPD @RohnertParkDPS https://twitter.com/AristotleWolfe/status/1138863393933221889 …pic.twitter.com/1OC5gHS7dZ,CHPSantaRosa,1902334747,,#SpecialOlympics,Wed Jun 12 17:51:59 +0000 2019
"The special olympics torch run is on its way. look for CHP, Cotati and Rohnert Park PD on Old Red! Expect delays for a good cause.pic.twitter.com/QfunwWQcmx",CHPSantaRosa,1902334747,,,Wed Jun 12 16:29:47 +0000 2019
Our own officers Enger and Brown each took third in their respective classes. Congratulations to the squad!https://twitter.com/AristotleWolfe/status/1138076936020693000 …,CHPSantaRosa,1902334747,,,Mon Jun 10 13:37:06 +0000 2019
Chipotle is a popular place for cops to grab dinner so it was no coincidence to run into young Officer Spencer who was celebrating his birthday with Mom and Grandma. He turned 5 so there’s still plenty time to talk him into applying with the CHP. Happy birthday buddy!pic.twitter.com/O26e5DxWja,CHPSantaRosa,1902334747,,,Sun Jun 09 05:12:17 +0000 2019
We’re working a Driver License and Sobriety Checkpoint on Stony Point Rd just south of Rohnert Park Expressway. Please make safe and sober driving arrangements tonight!pic.twitter.com/JuILCw63Os,CHPSantaRosa,1902334747,,,Sat Jun 08 04:34:03 +0000 2019
Luckily Chipper arrived in time to grab the last . Happy National Donut Day!pic.twitter.com/mGeVioBqIp,CHPSantaRosa,1902334747,,,Sat Jun 08 01:13:06 +0000 2019
Today we honor and remember the thousands of troops who sacrificed everything for us today. #DDay #DDay75 #DDay75thAnniversarypic.twitter.com/CjAQYfwft2,CHPSantaRosa,1902334747,,#DDay #DDay75 #DDay75thAnniversarypic,Thu Jun 06 16:17:07 +0000 2019
"At the close of Peace Officers Memorial Month, @CHP_GoldenGate honored the 39 officers who lost their lives in our Division over the last 90 years. Officer David DeRutte was one of those who read names of the fallen, for whom the memorial bell was tolled. #neverforgottenpic.twitter.com/se21EWwMmQ",CHPSantaRosa,1902334747,,#neverforgottenpic,Sun Jun 02 18:29:09 +0000 2019
"MADD Northern CA Region hosted a lunch today to honor the officers who worked extra hard this past year to remove impaired drivers from our roadways. Pictured here is Captain Wolfe with Ofc Drum, Ofc Becerra, & Ofc Giordano. Great work guys! @MADDOnline @AristotleWolfepic.twitter.com/sG8SgH3amh",CHPSantaRosa,1902334747,,,Sat Jun 01 03:19:59 +0000 2019
Today we had a surprise visit from Bailey representing Dunham Elementary! She brought in some sweet treats to thank our officers for working extra hard with speed enforcement on Roblar Rd in front of the school. Thank you for the sweet gesture. The goodies didn’t last long!pic.twitter.com/1NFhEfknIL,CHPSantaRosa,1902334747,,,Thu May 30 04:26:59 +0000 2019
"....made 2 arrests (1 felony, 1 misdemeanor DUI), and stored 3 vehicles. Street Racing and Side Show activity is extremely unsafe and something we take very seriously. We don’t want this activity to occur in our neighborhoods and we know you don’t either.",CHPSantaRosa,1902334747,,,Tue May 28 00:12:54 +0000 2019
"We teamed up with @SantaRosaPolice this weekend & deployed a special Street Racing/ Side Show enforcement team focusing on illegally modified vehicles. In just 5 hrs, the CHP issued 25 citations (2 for open container of cannabis), gave 4 verbal warnings.....",CHPSantaRosa,1902334747,,,Tue May 28 00:12:01 +0000 2019
"Don’t hesitate to designate a sober driver this Memorial Day weekend. CHP’s Maximum Enforcement Period is underway and extra officers are working to remove DUI drivers from our roadways. No excuse to drink and drive. Call a friend, call a parent, order a ride from your phone!pic.twitter.com/gMq18eu7Ot",CHPSantaRosa,1902334747,,,Fri May 24 18:41:52 +0000 2019
Will Brown worked in Santa Rosa as an officer for nearly 20 years. Today we said goodbye and congratulations as Will heads down to Santa Ana CHP as a Sergeant. Good luck Will and be safe! @CHP_OCpic.twitter.com/cM9vnbDWEE,CHPSantaRosa,1902334747,,,Thu May 23 04:20:29 +0000 2019
US-101 at Fury Rd? We’re not saying this truck isn’t pretty awesome but there were a few mechanical violations to address! #chp #madmax #cool #sonomacounty #trucks https://www.instagram.com/p/BxtlQArlfxT/?igshid=ohkt5noi2uh2 …,CHPSantaRosa,1902334747,,#chp #madmax #cool #sonomacounty #trucks,Tue May 21 05:05:55 +0000 2019
https://www.facebook.com/393701014092479/posts/2066295413499689?s=100030093040873&sfns=mo …,CHPSantaRosa,1902334747,,,Tue May 21 04:27:46 +0000 2019
Sigalert canceled. Roadway open,CHPSantaRosa,1902334747,,,Mon May 20 19:34:39 +0000 2019
There is still a SIGALERT in place for one way traffic control on Hwy 12 just west of Fulton while we investigate a major traffic collision. Please use an alternate route.,CHPSantaRosa,1902334747,,,Mon May 20 18:00:45 +0000 2019
The Graton Fire Dept pancake breakfast today had two of our favorite things: food fun. Thank you everyone that came out!pic.twitter.com/eVrpNTuqDS,CHPSantaRosa,1902334747,,,Mon May 20 02:28:53 +0000 2019
This picture was taken pre-downpour at the 125th Rose Parade. Thank you everyone that came out in the rain. It was a blast!!pic.twitter.com/J4pV3lO2u9,CHPSantaRosa,1902334747,,,Sat May 18 19:02:51 +0000 2019
The bike rodeo at Wright Charter School today was a lot of fun. These rodeos are a great way for kids to practice their bicycle skills and develop safe riding habits. Thank you Flopsy for helping with the classroom… https://www.instagram.com/p/Bxl-KFJlE6b/?igshid=1e9stn6tdg2ao …,CHPSantaRosa,1902334747,,,Sat May 18 06:09:40 +0000 2019
License and DUI checkpoint on Santa Rosa Ave at Oceanic Way. Please drive safely tonight and make sober driving arrangements!pic.twitter.com/v8cU7BjMc5,CHPSantaRosa,1902334747,,,Sat May 18 03:48:12 +0000 2019
We had a great turnout for today’s Age Well Drive Smart class at Varenna Senior Living in Santa Rosa. Our goal is to reduce motor vehicle collisions and injuries experienced by older Californians and to increase… https://www.instagram.com/p/BxiMdE9l-m1/?igshid=1h59bkjrq3djp …,CHPSantaRosa,1902334747,,,Thu May 16 18:57:40 +0000 2019
The 2nd Tuesday of the month meant another Start Smart class tonight at the office. Special thank you to guest speaker & friend Bill Harmon who has spoke at this class for the last 32 months since he lost his son Eddy in a traffic collision.pic.twitter.com/mNy959TTiw,CHPSantaRosa,1902334747,,,Wed May 15 06:19:08 +0000 2019
https://www.facebook.com/393701014092479/posts/2055928101203087/ …,CHPSantaRosa,1902334747,,,Tue May 14 14:51:44 +0000 2019
#Policeweek This week we’ll honor all law enforcement officers lost in the line of duty by wearing morning ribbons across our badges. Nearly every CHP officer knows the name of someone engraved on the academy memorial fountain. Those 230 heroes will forever be remembered.,CHPSantaRosa,1902334747,,#Policeweek,Tue May 14 03:08:41 +0000 2019
The Ironman event only has a few hours left. Please avoid River Rd and Laughlin Rd. Traffic is backed up in both directions of River Rd.,CHPSantaRosa,1902334747,,,Sat May 11 20:29:01 +0000 2019
"Remember back in January of this year, the Santa Rosa Area Squad Club in partnership with Ray’s Deli in Petaluma, developed a plan to feed Coast Guard employees and their families free of charge during the... https://www.facebook.com/393701014092479/posts/2050654915063739/ …",CHPSantaRosa,1902334747,,,Sat May 11 05:46:43 +0000 2019
"Remember back in January of this year, the Santa Rosa Area Squad Club in partnership with Ray’s Deli in Petaluma, developed a plan to feed Coast Guard employees and their families free of… https://www.instagram.com/p/BxT5aHEDABa/?utm_source=ig_twitter_share&igshid=wc9tqyn4ft10 …",CHPSantaRosa,1902334747,,,Sat May 11 05:41:55 +0000 2019
"Fatal Collision Involving Wrong Way Driver and a Garbage Truck On May 10, 2019, at approximately 4:44am, Santa Rosa CHP officers responded to a traffic collision on River Road just west of US-101. Preliminary... https://www.facebook.com/santarosachp/posts/2049673615161869 …",CHPSantaRosa,1902334747,,,Fri May 10 17:02:26 +0000 2019
"IRONMAN is here! If you live in Sonoma County, you’re likely aware of this annual event and the traffic detours that accompany it. Chipper went to #ironmanvillage at Old Courthouse Square… https://www.instagram.com/p/BxRLyphDUM9/?utm_source=ig_twitter_share&igshid=1ft4x4iixt8i7 …",CHPSantaRosa,1902334747,,#ironmanvillage,Fri May 10 05:04:01 +0000 2019
"As peace officers’ memorial week draws to a close, we take a moment to honor those who have fallen. To the family and colleagues of Sgt. Steve Licon, we’ll never forget. https://www.odmp.org/officer/24081-sergeant-steven-l-licon …https://www.odmp.org/officer/24081-sergeant-steven-l-licon …",CHPSantaRosa,1902334747,,,Thu May 09 17:25:41 +0000 2019
#NewProfilePicpic.twitter.com/0PvQfSfwqU,CHPSantaRosa,1902334747,,#NewProfilePicpic,Thu May 09 17:00:38 +0000 2019
Captain Wolfe was the guest speaker to Rotary Club of Rohnert Park-Cotati today. These guys know how to do breakfast right! We appreciate the thoughtful handwritten thank you cards to all of our staff. We have... https://www.facebook.com/393701014092479/posts/2045696862226211/ …,CHPSantaRosa,1902334747,,,Wed May 08 02:28:28 +0000 2019
"Thanks @rotaryrpc for the thoughtful thank you cards you hand wrote to all our staff. Fun facts: President Pam Miller’s husband, Tim, is a retired CHP Officer, and Rotarian Ken McCoy’s son was recruited to CHP by recently retired Officer Curt Lubiszewski! Small world.https://twitter.com/AristotleWolfe/status/1125917396793872384 …",CHPSantaRosa,1902334747,,,Wed May 08 00:33:37 +0000 2019
"CHP Santa Rosa has available appointments for child seat installations this Thursday, May 9. Call 707-588-1400 to schedule one.",CHPSantaRosa,1902334747,,,Tue May 07 17:16:25 +0000 2019
"While some of our officers are having fun in Roseland celebrating Cinco De Mayo, the rest of the squad are on the beat looking for impaired drivers and street racers like Officer Wood… https://www.instagram.com/p/BxGesRhDjYc/?utm_source=ig_twitter_share&igshid=1ak2zn9wp1a5l …",CHPSantaRosa,1902334747,,,Mon May 06 00:38:14 +0000 2019
"Happy Cinco De Mayo Sonoma County! Please celebrate safely! If you’re in the Roseland area, stop by our booth and say hi! #sonomacounty #cincodemayo #chp @Santa Rosa, California https://www.instagram.com/p/BxGbOS0DG1p/?utm_source=ig_twitter_share&igshid=1e05dpinfx7a2 …",CHPSantaRosa,1902334747,,#sonomacounty #cincodemayo #chp,Mon May 06 00:07:58 +0000 2019
"May is Motorcycle Safety Awareness Month and Santa Rosa CHP will be deploying additional officers on US-101 in an effort to reduce the number of motorcycle incidents or collisions resulting from unsafe speed,... https://www.facebook.com/santarosachp/posts/2038294479633116 …",CHPSantaRosa,1902334747,,,Fri May 03 00:55:27 +0000 2019
https://www.facebook.com/story.php?story_fbid=2036462223149675&id=393701014092479 …,CHPSantaRosa,1902334747,,,Wed May 01 18:08:12 +0000 2019
"After 34 years, Santa Rosa CHP Officer Curt Lubiszewski “Lubi” badge #11631, said 10-10 for the last time today! Lubi was the most senior CHP officer in the state still working the road.… https://www.instagram.com/p/Bw56edKj5xj/?utm_source=ig_twitter_share&igshid=1lor7paxst8zu …",CHPSantaRosa,1902334747,,#11631,Wed May 01 03:38:09 +0000 2019
"Happy faces all around at Petaluma’s Butter & Egg Parade. Santa Rosa and Marin CHP joined forces to show off the CHP motor squad, bicycle patrol squad, and boat truck with Chipper chillin… https://www.instagram.com/p/Bw00kEqj0hm/?utm_source=ig_twitter_share&igshid=1iip2776n2ps5 …",CHPSantaRosa,1902334747,,,Mon Apr 29 04:30:43 +0000 2019
Chipper was a huge hit yesterday at Petaluma’s Butter and Egg Parade. We had a blast and can’t wait for next year. #eggs #butter #butterandeggs #petaluma @petaluma_police @PetalumaCityGovpic.twitter.com/xbnDRvX2rX,CHPSantaRosa,1902334747,,#eggs #butter #butterandeggs #petaluma,Mon Apr 29 00:38:23 +0000 2019
"Driving 108MPH on the freeway isn’t quite the Sunday stroll most have in mind. This kind of speed will draw a hefty fine, a mandatory court appearance, and a driver license suspension.… https://www.instagram.com/p/Bw0bOaajMgs/?utm_source=ig_twitter_share&igshid=u8oo8iq4cks5 …",CHPSantaRosa,1902334747,,,Mon Apr 29 00:21:37 +0000 2019
Every 15 Minutes at Piner High School today was a huge success. Great job to all the people that came together to make it all happen. This program is an amazing experience for the… https://www.instagram.com/p/BwqiNT6Dxkf/?utm_source=ig_twitter_share&igshid=106wnawzyqpp6 …,CHPSantaRosa,1902334747,,,Thu Apr 25 04:53:05 +0000 2019
"ROAD RAGE LEADS TO ARREST OF SUSPECTED FELON On 4-24-2019, at approximately 7:02 am, Golden Gate Communications Center received a 911 call of a road rage incident involving a hand gun. The victim advised that... https://www.facebook.com/393701014092479/posts/2026239577505273/ …",CHPSantaRosa,1902334747,,,Wed Apr 24 22:37:36 +0000 2019
Thank you to our Coast Guard friends for letting us be apart of yesterday’s open house in Doran Beach. It was incredibly windy but we still had a blast. Thank you to everyone who stopped… https://www.instagram.com/p/Bwi777sDz7E/?utm_source=ig_twitter_share&igshid=18t3jq52svyr …,CHPSantaRosa,1902334747,,,Mon Apr 22 05:43:06 +0000 2019
"Last night at 11:20pm, we responded to a hit & run with injuries. The veh. vs. pedestrian collision occurred on Old Redwood Hwy south of Shiloh Road. A female pedestrian sustained major injuries. Please contact Santa Rosa CHP if you have any information to help the investigation.",CHPSantaRosa,1902334747,,,Sun Apr 21 20:56:42 +0000 2019
"Didn’t we mention an increased focus on distracted driving violations? Officer Bronson wrote 17 cell phone citations today on swing shift. And he’s working tomorrow, just sayin!… https://www.instagram.com/p/Bwd5QZUDUs7/?utm_source=ig_twitter_share&igshid=1b07wmnsbjgd5 …",CHPSantaRosa,1902334747,,,Sat Apr 20 06:21:30 +0000 2019
"“Uh, oh. I’m being pulled over. I’ll call you later.” This driver was unaware that it’s #distracteddrivingawarenessmonth and the #chp is cracking down. The Santa Rosa Area office is… https://www.instagram.com/p/BwdODs3jEJz/?utm_source=ig_twitter_share&igshid=d5c0bxxfjwpj …",CHPSantaRosa,1902334747,,#distracteddrivingawarenessmonth #chp,Sat Apr 20 00:04:03 +0000 2019
SR116 IS NOW OPEN.,CHPSantaRosa,1902334747,,,Sun Apr 14 22:51:18 +0000 2019
This minor injury collision is the reason for the closure of SR116. The tree pulled down power lines along with it. PG&E on scene for repairs. We are still unsure on the estimated time to reopen.pic.twitter.com/P9yUALYiih,CHPSantaRosa,1902334747,,,Sun Apr 14 22:23:46 +0000 2019
"Steve has always been a friend and colleague to the CHP and all of our EMS partners. Well done, sir! @MonteRiohttps://twitter.com/AristotleWolfe/status/1117523553430069248 …",CHPSantaRosa,1902334747,,,Sun Apr 14 20:25:30 +0000 2019
"SR116 at Riverside Dr blocked in both directions due to fallen tree, power lines down. Unknown estimated time to reopen. Please use an alternate route.",CHPSantaRosa,1902334747,,,Sun Apr 14 19:33:12 +0000 2019
"Chipper preparing for the Apple Blossom parade in Sebastopol! Come on out to say hi @Sebastopol, California https://www.instagram.com/p/BwM8oGvD8JJ/?utm_source=ig_twitter_share&igshid=181jgms4b8q4s …",CHPSantaRosa,1902334747,,,Sat Apr 13 16:23:52 +0000 2019
https://www.facebook.com/story.php?story_fbid=2007175662744998&id=393701014092479 …,CHPSantaRosa,1902334747,,,Fri Apr 12 00:15:56 +0000 2019
Roadway open!,CHPSantaRosa,1902334747,,,Mon Apr 08 20:20:25 +0000 2019
River rd is closed between Slusser Rd and Trenton Healdsburg Rd for a major traffic collision. Use Guerneville Rd or Mark West Station as alternate routes.,CHPSantaRosa,1902334747,,,Mon Apr 08 19:30:04 +0000 2019
https://www.facebook.com/story.php?story_fbid=2002531669876064&id=393701014092479 …,CHPSantaRosa,1902334747,,,Mon Apr 08 17:31:59 +0000 2019
"The Santa Rosa Squad mourns with our brothers and sisters in Riverside for the loss of Sergeant Steve Licon. Ann, Marissa and Kelly are in our thoughts and prayers. So sorry for your loss.https://twitter.com/CHPCommissioner/status/1114745888042147840 …",CHPSantaRosa,1902334747,,,Sun Apr 07 17:56:23 +0000 2019
https://www.facebook.com/story.php?story_fbid=2000302556765642&id=393701014092479 …,CHPSantaRosa,1902334747,,,Sun Apr 07 03:53:26 +0000 2019
EVERY 15 MINUTES We are very fortunate we didn’t get the rain yesterday like we have today. The #every15minutes at Petaluma High School yesterday was a memorable experience for all… https://www.instagram.com/p/Bv4n0mVj-jJ/?utm_source=ig_twitter_share&igshid=9ivoi3horz7f …,CHPSantaRosa,1902334747,,#every15minutes,Fri Apr 05 20:13:05 +0000 2019
"Rain or shine, Motor Officer Enger did his part for Distracted Driving Awareness Month. #donttextanddrive #itcanwait #chp #sonomacounty https://www.instagram.com/p/Bv259tZjB_D/?utm_source=ig_twitter_share&igshid=1b31lps53ivuq …",CHPSantaRosa,1902334747,,#donttextanddrive #itcanwait #chp #sonomacounty,Fri Apr 05 02:57:19 +0000 2019
"Rain or shine, Motor Officer Enger did his part for Distracted Driving Awareness Month. #donttextanddrive #itcanwait #chp #sonomacounty https://www.instagram.com/p/Bv25Z3bDukX/?utm_source=ig_twitter_share&igshid=8c3mr1g2rmu …",CHPSantaRosa,1902334747,,#donttextanddrive #itcanwait #chp #sonomacounty,Fri Apr 05 02:52:24 +0000 2019
"It was an honor to attend the Deputy Trejo memorial service. He paid the ultimate sacrifice and he will never be forgotten. We appreciate the ceremony every year so our veteran officers can remember him, and our new officers can learn his story. https://www.facebook.com/story.php?story_fbid=1992441214218443&id=393701014092479 …",CHPSantaRosa,1902334747,,,Mon Apr 01 16:35:40 +0000 2019
Scary collision for an elderly driver out on SR116 near Bloomfield today. Happy to report William climbed out without an injury. #californiahighwaypatrol #chp #crash #sonomacounty https://www.instagram.com/p/BvnYjgzDKwo/?utm_source=ig_twitter_share&igshid=jq9qxkhqvq7f …,CHPSantaRosa,1902334747,,#californiahighwaypatrol #chp #crash #sonomacounty,Sat Mar 30 02:16:45 +0000 2019
"FATAL COLLISION ON PETALUMA HILL RD Last night, Santa Rosa CHP officers responded to a vehicle vs. pedestrian collision on Petaluma Hill Road north of Curtis Drive. Upon arrival, CHP was advised by AMR that the... https://www.facebook.com/santarosachp/posts/1988261847969713 …",CHPSantaRosa,1902334747,,,Fri Mar 29 17:12:41 +0000 2019
Petaluma Hill Rd is closed between E. Cotati and Roberts Rd for a fatal traffic collision.,CHPSantaRosa,1902334747,,,Fri Mar 29 04:39:00 +0000 2019
Mark West Springs Rd and Porter Creek Rd are open! Drive safe!,CHPSantaRosa,1902334747,,,Fri Mar 29 03:43:57 +0000 2019
Mark West Springs Rd is still closed at Riebli Rd to Porter Creek and Petrified Forest Rd for a slide and compromised power poles. We’ll keep you posted.,CHPSantaRosa,1902334747,,,Fri Mar 29 02:36:53 +0000 2019
Not a good idea to drive at an unsafe speed on the freeway that causes you to be pulled over by the CHP. Also not a good idea to have methamphetamine and a firearm in your possession… https://www.instagram.com/p/BvYEIxUDCsg/?utm_source=ig_twitter_share&igshid=eo82argvap4i …,CHPSantaRosa,1902334747,,,Sun Mar 24 03:29:44 +0000 2019
"Fatal Collision on US-101 in Geyserville On March 22, 2019, at approximately 2:55pm, Santa Rosa CHP officers responded to a traffic collision on northbound US-101 at Geyserville Ave. Upon arrival, officers were... https://www.facebook.com/santarosachp/posts/1979313115531253 …",CHPSantaRosa,1902334747,,,Sat Mar 23 07:09:14 +0000 2019
US-101 at Geyserville is open.,CHPSantaRosa,1902334747,,,Sat Mar 23 01:50:26 +0000 2019
https://twitter.com/chpsantarosa/status/1109229117843501056?s=21 …https://twitter.com/chpsantarosa/status/1109229117843501056?s=21 …,CHPSantaRosa,1902334747,,,Fri Mar 22 23:06:48 +0000 2019
"Major collision US 101 NB at Geyserville Exit. Freeway closed at this location. Detour is Geyserville exit, but AVOID THE AREA IF POSSIBLE. Est. Time to open is 6:30 PM.pic.twitter.com/Opa7pPvbgB",CHPSantaRosa,1902334747,,,Fri Mar 22 23:03:24 +0000 2019
"An ambitious route for many, but we know Mark can handle biking from Petaluma to Sacramento with no problem. Good luck Mark!https://twitter.com/AristotleWolfe/status/1108865658844934144 …",CHPSantaRosa,1902334747,,,Fri Mar 22 00:24:10 +0000 2019
"IMPAIRED DRIVER INVESTIGATED FOR MURDER IN FATAL COLLISION On March 20, 2019 at approximately 10:59pm, Santa Rosa CHP officers were dispatched to a traffic collision on US-101 southbound, south of River Road.... https://www.facebook.com/santarosachp/posts/1977581759037722 …",CHPSantaRosa,1902334747,,,Thu Mar 21 23:56:57 +0000 2019
"HAZMAT This morning at 10:25am, our officers were called to an overturned propane truck on SR-128 east of Foss Hill Rd. Reports said propane was actively expelling from the truck which created an active hazmat... https://www.facebook.com/393701014092479/posts/1975222869273611/ …",CHPSantaRosa,1902334747,,,Wed Mar 20 05:31:39 +0000 2019
SR-128 is open in both directions!! Drive safe.,CHPSantaRosa,1902334747,,,Tue Mar 19 22:15:28 +0000 2019
Truck is uprighted. Should be open shortly. Will advise.pic.twitter.com/uYjoMCV6sU,CHPSantaRosa,1902334747,,,Tue Mar 19 22:01:07 +0000 2019
Roadway closed on SR-128 east of Foss Hill Rd for an overturned propane truck. We have a 1 mile safety perimeter. Please use an alternate route and stay out of the area. We’ll keep you updated but the estimated time of reopening is 6 hours.pic.twitter.com/vBzDwJpnXA,CHPSantaRosa,1902334747,,,Tue Mar 19 20:06:06 +0000 2019
One of the most frequent complaints we receive about commute traffic is the number of carpool violators that people see as they sit in traffic. During this morning’s commute a group of our… https://www.instagram.com/p/BvK7GM1jVu2/?utm_source=ig_twitter_share&igshid=iwfz0lmdh0vh …,CHPSantaRosa,1902334747,,,Tue Mar 19 01:00:37 +0000 2019
"As we look forward to safe and fun St. Patrick's Day weekend, be sure you have a plan for safe transportation. Everyone knows leprechauns are not the most responsible drivers! Last year, the CHP made 285 DUI arrests... https://www.facebook.com/santarosachp/posts/1969670226495542 …",CHPSantaRosa,1902334747,,,Sat Mar 16 01:48:33 +0000 2019
Santa Rosa CHP hosted 8 juniors from Healdsburg High School as part of a 3 week internship program. The interns were able to experience many of the various job opportunities within the… https://www.instagram.com/p/BvBGdINgKgn/?utm_source=ig_twitter_share&igshid=y9wddi0caqg1 …,CHPSantaRosa,1902334747,,,Fri Mar 15 05:27:29 +0000 2019
"CHP’s most senior road patrol officer, Curt Lubiszewski, offered his assistance at a collision scene to Cloverdale Police Officer Jason Mora on his first day of road patrol. #teamwork… https://www.instagram.com/p/BvAR0phgan1/?utm_source=ig_twitter_share&igshid=8hlvkrwyokbe …",CHPSantaRosa,1902334747,,#teamwork,Thu Mar 14 21:47:33 +0000 2019
"On Saturday, the Golden Gate Division Commercial Enforcement Unit held a tour bus strike force at Graton Casino. The successful operation resulted in 14 bus inspections (3 placed out of service). Another thing the CHP does to ensure your safety on the roadway. @CHP_GoldenGatepic.twitter.com/v0wRLjtCDg",CHPSantaRosa,1902334747,,,Tue Mar 12 00:14:16 +0000 2019
"If the river could talk, I think it would say “ENOUGH ALREADY“ with the rain! Sure is a beautiful view from the Wohler Bridge though. https://www.instagram.com/p/BuzyXwrAf3J/?utm_source=ig_twitter_share&igshid=1p92p2l3ychuv …",CHPSantaRosa,1902334747,,,Sun Mar 10 01:21:50 +0000 2019
Former Santa Rosa Area Explorer Shane Young graduated from the CHP Academy today and has been assigned to the San Francisco Area. Pictured with Officer Young are his former Santa Rosa… https://www.instagram.com/p/BuxqvQLgebx/?utm_source=ig_twitter_share&igshid=1iheyf8qwfbdh …,CHPSantaRosa,1902334747,,,Sat Mar 09 05:36:39 +0000 2019
Motor Officer Adkins was all smiles yesterday at Sheppard Accelerated Elementary School for career day. The 4th-6th graders asked some awesome questions and I’d be willing to bet we found… https://www.instagram.com/p/Buw2DFFAM-4/?utm_source=ig_twitter_share&igshid=f4sephedinjn …,CHPSantaRosa,1902334747,,,Fri Mar 08 21:56:15 +0000 2019
Both lanes back open on Guerneville Rd! Drive safe,CHPSantaRosa,1902334747,,,Fri Mar 08 15:38:48 +0000 2019
30 minutes estimated time of delay,CHPSantaRosa,1902334747,,,Fri Mar 08 15:20:11 +0000 2019
Avoid Guerneville Rd near Olivet Rd for this minor obstruction! Working to clear it now. Will advisepic.twitter.com/PO3ZJBYvIQ,CHPSantaRosa,1902334747,,,Fri Mar 08 15:17:45 +0000 2019
"We’re celebrating International Women’s Day by showcasing women who have chosen a career in law enforcement. It’s an honor to serve alongside all these brave women. If you’re interested in a career with the CHP, go to http://chpcareers.com . #IWD2019",CHPSantaRosa,1902334747,,#IWD2019,Fri Mar 08 14:49:44 +0000 2019
104 MPH on US-101 through Rohnert Park? An expensive citation but this guy was lucky to be stopped before he hurt somebody. #chp #slowdown https://www.instagram.com/p/BuohJ15gsA3/?utm_source=ig_twitter_share&igshid=6tnokkcch403 …,CHPSantaRosa,1902334747,,#chp #slowdown,Tue Mar 05 16:19:44 +0000 2019
Hmmm. Good question. Sorry about that.pic.twitter.com/zurs8SDnD9,CHPSantaRosa,1902334747,,,Fri Mar 01 06:32:09 +0000 2019
This is the unbelievable view from the Monte Rio Bridge and a couple pictures to compare to.,CHPSantaRosa,1902334747,,,Thu Feb 28 19:44:40 +0000 2019
CURRENT LIST OF SONOMA COUNTY ROAD CLOSURES http://roadconditions.sonoma-county.org/road_closures.aspx?sid=1064#RoadClosureResultsCounty …,CHPSantaRosa,1902334747,,#RoadClosureResultsCounty,Thu Feb 28 04:55:25 +0000 2019
https://www.facebook.com/story.php?story_fbid=1948952261900672&id=393701014092479 …,CHPSantaRosa,1902334747,,,Thu Feb 28 04:16:11 +0000 2019
Highway 12 is closed between Llano Rd and Morris St.pic.twitter.com/cnLDFnsDR6,CHPSantaRosa,1902334747,,,Thu Feb 28 01:09:02 +0000 2019
https://www.facebook.com/story.php?story_fbid=1948506941945204&id=393701014092479 …,CHPSantaRosa,1902334747,,,Wed Feb 27 20:36:23 +0000 2019
Current Sonoma County road closures.http://roadconditions.sonoma-county.org/,CHPSantaRosa,1902334747,,,Wed Feb 27 01:12:11 +0000 2019
"Flooding on Alexander Valley Rd and West Soda Rock. These folks were prepared. Drive their vehicle to safe spot away from the flood zone, then jump in a boat to head home! #sonomacounty… https://www.instagram.com/p/BuW-kWPgYJb/?utm_source=ig_twitter_share&igshid=1w6xzt2pi7dvc …",CHPSantaRosa,1902334747,,#sonomacounty,Tue Feb 26 20:50:26 +0000 2019
https://www.facebook.com/story.php?story_fbid=1941890139273551&id=393701014092479 …,CHPSantaRosa,1902334747,,,Sat Feb 23 06:21:41 +0000 2019
https://www.facebook.com/story.php?story_fbid=1935448343251064&id=393701014092479 …,CHPSantaRosa,1902334747,,,Mon Feb 18 20:13:55 +0000 2019
"Rain, rain, go away, come again another day! #potofgold #costcopizza #chp #sonomacounty https://www.instagram.com/p/Bt60eeOgsRZ/?utm_source=ig_twitter_share&igshid=1dnhtp0mffpso …",CHPSantaRosa,1902334747,,#potofgold #costcopizza #chp #sonomacounty,Fri Feb 15 22:23:31 +0000 2019
https://www.facebook.com/story.php?story_fbid=1930749777054254&id=393701014092479 …,CHPSantaRosa,1902334747,,,Fri Feb 15 18:27:11 +0000 2019
Check this link for the latest on Sonoma County road closures. http://roadconditions.sonoma-county.org/,CHPSantaRosa,1902334747,,,Fri Feb 15 05:31:53 +0000 2019
"If you were planning on using highway 37 tomorrow in Marin County, it may be closed, so please factor this into your commute. https://www.facebook.com/1180462451972823/posts/2353106954708361?sfns=mo …",CHPSantaRosa,1902334747,,,Fri Feb 15 05:27:26 +0000 2019
"If highway 37 is part of your commute tomorrow, please check out this report from CHP - Marin and plan accordingly. Drive safe! https://www.facebook.com/story.php?story_fbid=1929807283815170&id=393701014092479 …",CHPSantaRosa,1902334747,,,Fri Feb 15 05:16:32 +0000 2019
"If the signs say “ROAD CLOSED”, it means the road is closed. We’re waiting for the waters levels to drop on Alexander Valley Rd before they can be towed.pic.twitter.com/Clwp1wTpFf",CHPSantaRosa,1902334747,,,Thu Feb 14 20:37:07 +0000 2019
"It wasn’t all flooding, submerged vehicles, and crashes today. Officer Ruffin responded for a dog running on the freeway in Windsor. Kona went missing a few days ago but is now safely back… https://www.instagram.com/p/Bt1_716gEBk/?utm_source=ig_twitter_share&igshid=cxj0tfibm313 …",CHPSantaRosa,1902334747,,,Thu Feb 14 01:27:27 +0000 2019
Just an example of what we’re dealing with on many different roadways in Sonoma County. This was on Eastside Rd n/of Trenton Healdsburg Rd. You may want to turn around and find a… https://www.instagram.com/p/Bt1VCjhg0tq/?utm_source=ig_twitter_share&igshid=1w20dz91xld6f …,CHPSantaRosa,1902334747,,,Wed Feb 13 19:12:40 +0000 2019
CNRFC - Hydrology - River Guidance - Graphical RVF - GUEC1 https://www.cnrfc.noaa.gov/graphicalRVF.php?id=GUEC1 …,CHPSantaRosa,1902334747,,,Wed Feb 13 18:29:20 +0000 2019
"TURN AROUND, DON'T DROWN! There is a flash flood warning in effect throughout Sonoma County. Please drive slowly to avoid hydroplaning, and AVOID STANDING WATER. At the very least, you could ruin your car, but you could also drown. Drive safe, SoCo! https://forecast.weather.gov/MapClick.php?lat=38.3394&lon=-122.7055#.XGQq8i3MwWo …",CHPSantaRosa,1902334747,,#,Wed Feb 13 14:40:24 +0000 2019
"Today our motor squad trained on cone patterns before heading out on specialized enforcement operations in south county. The captain skipped the patterns in his Charger, but joined the squad on patrol looking for distracted drivers. Please don’t text while driving.pic.twitter.com/xEyLCJJ9jL",CHPSantaRosa,1902334747,,,Tue Feb 12 02:16:10 +0000 2019
"The CHP works closely with our DA investigators on vehicular homicides, felony DUI cases and a variety of other crimes. We’re happy to see a fellow Sonoma county LE professional leading their team of veteran investigators. Congratulations, Chief Focha.https://twitter.com/AristotleWolfe/status/1094635527242805248 …",CHPSantaRosa,1902334747,,,Sun Feb 10 16:35:00 +0000 2019
https://www.facebook.com/story.php?story_fbid=1918944278234804&id=393701014092479 …,CHPSantaRosa,1902334747,,,Thu Feb 07 23:06:16 +0000 2019
"THANK YOU! We need to thank our non-profit squad club for organizing, Ray's Deli and Tavern for their generous participation, and most of all, we need to thank all you generous people that donated over $2750 which was used to feed over 45 @USCG and @DHSgov families!pic.twitter.com/Vx6qlBulZx",CHPSantaRosa,1902334747,,,Thu Feb 07 05:33:31 +0000 2019
Please don’t try to find the little bit of snow we got and then get your vehicle stuck. Sonoma Mtn Rd at Old Adobe Rd is now closed until further notice.pic.twitter.com/6feNeQq0DK,CHPSantaRosa,1902334747,,,Tue Feb 05 21:57:43 +0000 2019
"Our condolences to Chief Stephen Cramer’s family, friends, and colleagues. RIP Sir! https://www.facebook.com/1540276729603863/posts/2035324976765700/ …",CHPSantaRosa,1902334747,,,Mon Feb 04 23:21:21 +0000 2019
"Our condolences to Chief Stephen Cramer’s family, friends, and colleagues. RIP Sir! https://www.facebook.com/story.php?story_fbid=1914684328660799&id=393701014092479 …",CHPSantaRosa,1902334747,,,Mon Feb 04 23:12:49 +0000 2019
We are on scene for a rock slide on SR-128 east of Chalk Hill Rd. Be advised if you’re in the area. This is also a good reminder during the rainy season to be aware of unforeseen hazards that would not ordinarily be in the roadway!pic.twitter.com/jRzNlOIxeF,CHPSantaRosa,1902334747,,,Mon Feb 04 18:54:25 +0000 2019
Happy Sunday Sonoma County! #sonomastrong #chp #beautifulsonomacounty #californiahighwaypatrol https://www.instagram.com/p/BtcNQn9Az2n/?utm_source=ig_twitter_share&igshid=owyz50dha8ij …,CHPSantaRosa,1902334747,,#sonomastrong #chp #beautifulsonomacounty #californiahighwaypatrol,Mon Feb 04 01:03:37 +0000 2019
This morning we teamed up with Jacob Gonzalez from @impactdrivers for another presentation at Miller Driving School. It’s one of many ways we try to get our new teenage drivers off to safe… https://www.instagram.com/p/BtaBNPgA8to/?utm_source=ig_twitter_share&igshid=y8dd04hegj7h …,CHPSantaRosa,1902334747,,,Sun Feb 03 04:39:50 +0000 2019
"PANDA WATCH! No wait, that’s a movie line! STORM WATCH! We recommend limited travel, not driving through standing water, and driving at slower speeds. Please drive carefully so we can enjoy this rainy #superbowl weekend!pic.twitter.com/qO7HEIAOiR",CHPSantaRosa,1902334747,,#superbowl,Sat Feb 02 02:58:42 +0000 2019
BRANDISHING FIREARM ON US-101 LEADS TO ARREST OF FELON A road rage incident last month led to today’s arrest. https://www.facebook.com/393701014092479/posts/1898014426994456/ …,CHPSantaRosa,1902334747,,,Thu Jan 24 05:45:20 +0000 2019
https://twitter.com/chpsantarosa/status/1087966455688294405?s=21 …https://twitter.com/chpsantarosa/status/1087966455688294405?s=21 …,CHPSantaRosa,1902334747,,,Wed Jan 23 07:29:37 +0000 2019
"Thank you SoCo! The Santa Rosa Area Squad Club has gotten a lot of donations so Ray's Deli can provide our Coast Guard and DHS neighbors a great lunch. Please share the info with friends that serve so they can eat. If you want to donate, here's the link: https://www.gofundme.com/sandwich-for-security …https://twitter.com/AristotleWolfe/status/1087964800687190018 …",CHPSantaRosa,1902334747,,,Wed Jan 23 06:53:11 +0000 2019
"The motors have all the fun. Still, the car cops will miss you, too, Dave.https://twitter.com/AristotleWolfe/status/1087718016857456640 …",CHPSantaRosa,1902334747,,,Tue Jan 22 17:32:44 +0000 2019
"The man, the myth, the legend is retiring! Santa Rosa CHP Officer Dave Spencer is hanging up the motor boots after 30 years of service. He’s a great guy and always had a story to tell. We’ll miss you Dave, but most importantly, CONGRATULATIONS!pic.twitter.com/jVMa7TxTDF",CHPSantaRosa,1902334747,,,Tue Jan 22 04:57:46 +0000 2019
"As Dr. Martin Luther King said to an audience in Montgomery, Alabama in 1957, “Life’s most persistent and urgent question is, What are you doing for others?” We can all ask the same question over 60 years later! #MLKDay #Inspiration #CHP #MakingADifference #motivationpic.twitter.com/z8ddE4evdk",CHPSantaRosa,1902334747,,#MLKDay #Inspiration #CHP #MakingADifference #motivationpic,Mon Jan 21 20:33:26 +0000 2019
"The CHP Squad Club has partnered with Ray's Deli, Petaluma, to help our local Coast Guard and DHS families during the shutdown. Your donation helps buy meals at Ray's for any DHS employee and up to three family members. To give thanks by donating,... http://gf.me/u/p636aj",CHPSantaRosa,1902334747,,,Sun Jan 20 19:32:13 +0000 2019
"The CHP Squad Club has partnered with Ray's Deli, Petaluma, to help our local Coast Guard and DHS families during the shutdown. Your donation helps buy meals at Ray's for any DHS employee and up to three family members. To give thanks by donating, click: http://gf.me/u/p636aj pic.twitter.com/tWoQkQvn4O",CHPSantaRosa,1902334747,,,Sun Jan 20 18:54:03 +0000 2019
Truck is on its way!,CHPSantaRosa,1902334747,,,Sat Jan 19 01:42:21 +0000 2019
Good luck to the tow driver tasked with loading this truck! Sb 101 at Arata overpass. Can’t see it from the freeway so it’s not affecting traffic at this time. @sonomasheriff @WindsorFirepic.twitter.com/sT2y6nEyoa,CHPSantaRosa,1902334747,,,Fri Jan 18 23:02:03 +0000 2019
Our CHP officers & volunteers strive to keep our roadways safe for the citizens of Sonoma County. We’ll continue to aggressively patrol & work with local leaders to develop new strategies to increase safety on this stretch of road.,CHPSantaRosa,1902334747,,,Wed Jan 16 19:09:29 +0000 2019
Fatal crash this afternoon leaves driver deceased and tree trimming worker with major injuries. https://www.facebook.com/393701014092479/posts/1885574951571737/ …,CHPSantaRosa,1902334747,,,Tue Jan 15 05:40:52 +0000 2019
Let’s take a minute to show some appreciation for a great guy! Santa Rosa CHP Senior Volunteer Jack Symons Jr is one of our amazing volunteers who happen to be a retired officer. Jack was… https://www.instagram.com/p/BsoMSkknYfX/?utm_source=ig_twitter_share&igshid=6op10nnk66bg …,CHPSantaRosa,1902334747,,,Mon Jan 14 20:14:43 +0000 2019
Santa Rosa CHP is on Instagram now! Check out our first post about one of our special senior volunteers. https://www.instagram.com/p/BsoDUlXn0JM/?utm_source=ig_share_sheet&igshid=boaoxk4v6alr … https://www.facebook.com/393701014092479/posts/1884986458297253/ …,CHPSantaRosa,1902334747,,,Mon Jan 14 19:02:16 +0000 2019
Let’s take a minute to show some appreciation for a great guy! Santa Rosa CHP Senior Volunteer Jack Symons Jr is one of our amazing volunteers who happen to be a retired officer. Jack was… https://www.instagram.com/p/BsoDUlXn0JM/?utm_source=ig_twitter_share&igshid=1bvlkb7aqcswl …,CHPSantaRosa,1902334747,,,Mon Jan 14 18:56:19 +0000 2019
HEAD-ON DUI CRASH CAUSES MAJOR INJURIES early this morning. https://www.facebook.com/393701014092479/posts/1883778628418036/ …pic.twitter.com/rZfnOAgH9z,CHPSantaRosa,1902334747,,,Sun Jan 13 21:45:54 +0000 2019
https://www.facebook.com/story.php?story_fbid=1880919475370618&id=393701014092479 …,CHPSantaRosa,1902334747,,,Fri Jan 11 18:06:25 +0000 2019
#NewProfilePicpic.twitter.com/EPrKAXMGLp,CHPSantaRosa,1902334747,,#NewProfilePicpic,Fri Jan 11 16:28:16 +0000 2019
https://www.facebook.com/story.php?story_fbid=1880807552048477&id=393701014092479 …,CHPSantaRosa,1902334747,,,Fri Jan 11 16:23:15 +0000 2019
Today is National Law Enforcement Appreciation Day! Thank you to the heroes that put their life on the line everyday to protect their communities. #NationalLawEnforcementAppreciationDaypic.twitter.com/LGG0Lw7vfD,CHPSantaRosa,1902334747,,#NationalLawEnforcementAppreciationDaypic,Wed Jan 09 23:00:02 +0000 2019
"Santa Rosa CHP would like to introduce our new Commander! In 23 years with the CHP, Captain Aristotle Wolfe has worked @CHPOakland, @CHPSantaRosa, @CHPHayward, @CHPMarin, and @CHPSanFrancisco. He's happy to be back in Sonoma County, his home of twenty-one years. #sonomastrongpic.twitter.com/Avs3p7mHoA",CHPSantaRosa,1902334747,,#sonomastrongpic,Tue Jan 08 00:03:06 +0000 2019
"If you were stuck on the freeway along S/B 101 yesterday, this is the reason for that backup at Todd Rd. Officer Wood and many others worked as quickly as possible to move the load!",CHPSantaRosa,1902334747,,,Sun Jan 06 19:17:26 +0000 2019
**TRAFFIC ADVISORY** Todd Rd just west of US101 is open!!!!!,CHPSantaRosa,1902334747,,,Sun Jan 06 00:16:13 +0000 2019
**TRAFFIC ADVISORY** Heavy traffic on s/b 101 at Todd Rd due to a collision involving a lumber truck. Crews are on scene trying to clear the roadway. The spilled load of lumber is all on the ramp and ALL lanes... https://www.facebook.com/393701014092479/posts/1872982136164352/ …,CHPSantaRosa,1902334747,,,Sat Jan 05 21:52:51 +0000 2019
Yeah we hear you CHP – Oakland! They don’t make them like they used to! https://www.facebook.com/santarosachp/videos/1137820119733400/ …,CHPSantaRosa,1902334747,,,Thu Dec 27 22:47:39 +0000 2018
The holiday season brings celebrations and a chance to spend time with our loved ones. Unfortunately it is also a time when considerable loss of life occurs on California’s roadways. CHP’s Christmas Maximum... https://www.facebook.com/santarosachp/posts/1852503428212223 …,CHPSantaRosa,1902334747,,,Sat Dec 22 07:24:24 +0000 2018
*UPDATED TRAFFIC ADVISORY * Roadway is still closed due to the traffic collision on Porter Creek Rd near the Mark West quarry involving a Cement truck vs power pole. Time of opening has exceeded the original... https://www.facebook.com/393701014092479/posts/1852010094928223/ …,CHPSantaRosa,1902334747,,,Fri Dec 21 22:35:16 +0000 2018
*TRAFFIC ADVISORY * Traffic collision on Porter Creek Rd near the Mark West quarry. Cement truck vs power pole. Porter Creek is closed. Estimated time of opening is 2-3 hours. Please use an alternate route. Will advise when opened.,CHPSantaRosa,1902334747,,,Fri Dec 21 18:58:31 +0000 2018
https://www.facebook.com/393701014092479/posts/1849110355218197/ …,CHPSantaRosa,1902334747,,,Wed Dec 19 19:13:08 +0000 2018
We are still working to clear the collision Southbound US-101 at SR-12 with a big rig blocking 2 lanes. Traffic is backed up to Airport Blvd. Please use an alternate route!,CHPSantaRosa,1902334747,,,Wed Dec 19 00:11:17 +0000 2018
https://www.facebook.com/393701014092479/posts/1846412582154641/ …,CHPSantaRosa,1902334747,,,Mon Dec 17 19:18:17 +0000 2018
Happy holidays from your California Highway Patrol https://www.facebook.com/santarosachp/posts/1842488305880402 …,CHPSantaRosa,1902334747,,,Fri Dec 14 23:28:54 +0000 2018
https://youtu.be/Yt83CS1DxGI https://youtu.be/Yt83CS1DxGI,CHPSantaRosa,1902334747,,,Fri Dec 14 22:53:36 +0000 2018
"Start Smart Class! We have several seats available for our Tuesday, Dec 11 class. The class will be held at our office in Rohnert Park at 7pm. Start Smart is a two-hour, free driver safety education class... https://www.facebook.com/393701014092479/posts/1831223157006917/ …",CHPSantaRosa,1902334747,,,Thu Dec 06 19:23:35 +0000 2018
The holiday season is upon us and I want to make sure everyone knows where to find our CHiPs for Kids donation bins. Thank you to our friends at Orangetheory Fitness Rohnert Park for providing us with a new... https://www.facebook.com/393701014092479/posts/1821996977929535/ …,CHPSantaRosa,1902334747,,,Fri Nov 30 01:30:16 +0000 2018
"It’s that time of year for our annual Chips for Kids toy drive! Thank you to our friends at the Healdsburg Running Company for rolling out our first Sonoma County toy drop bin. We are excepting new, unwrapped toys which will be donated to local... https://www.facebook.com/393701014092479/posts/1817885755007324/ …",CHPSantaRosa,1902334747,,,Tue Nov 27 00:37:24 +0000 2018
